{"cameraMode":{"drawMode":0,"name":"Shaded","section":"Shading Mode"},"sceneLighting":true,"audioPlay":false,"sceneViewState":{"m_AlwaysRefresh":false,"showFog":true,"showSkybox":true,"showFlares":true,"showImageEffects":true,"showParticleSystems":true,"showVisualEffectGraphs":true,"m_FxEnabled":true},"in2DMode":false,"pivot":{"x":2.8144803047180177,"y":3.130272150039673,"z":16.638263702392579},"rotation":{"x":0.1211657002568245,"y":-0.8785054087638855,"z":0.3397292494773865,"w":0.31331342458724978},"size":5.2033562660217289,"orthographic":true}